Office ID,Avg temp
B02-OFFICE-01,23.935092879256967
B01-OFFICE-01,19.680077399380806
B01-OFFICE-02,19.57588235294118
