Office ID,Avg temp
B02-OFFICE-01,22.719613526570047
B01-OFFICE-01,19.55661835748792
B01-OFFICE-02,19.513864734299517
